contact_id,first_name,last_name,email
4661,Cecilia,Velasco,velasco@rodrigues
3765,Mariana,Ellis,ellis@rossi
4187,Sofie,Woods,woods@riviere
4941,Jeanette,Iannotti,iannotti@yahoo
2199,Samuel,Sorgatz,sorgatz@gmail
5650,Socorro,Luna,luna@hotmail
5889,Carolina,Murray,murray@knight
4842,Kayla,Moon,moon@yahoo
3280,Ariadna,Geisel,geisel@rangel
5468,Danielle,Ladeck,ladeck@scalfaro
3064,Tatiana,Thompson,thompson@hunt
4904,Caleb,Benavides,benavides@rubio
1299,Sandra,Hardy,hardy@web
5602,Lotti,Morris,morris@yahoo
5753,Reinhilde,White,white@voila
4495,Kerry,Patel,patel@hutchinson
4269,Sophie,Antoine,antoine@andersen
2226,Martha,Girard,girard@web
1558,Stephanie,King,king@cervantes
2307,Amanda,Palmer,palmer@didier
2900,Lina,Alcala,alcala@vespa
5695,Itzel,Murphy,murphy@muelichen
5708,Filippo,Parry,parry@live
1663,Katelyn,Cole,cole@fiebig
3605,Brian,Novak,novak@ford
4678,Cilly,Gay,gay@callegaro
2251,Yolanda,Snyder,snyder@gmx
6202,Evelin,Odonnell,odonnell@ibarra
3715,Ingeborg,Alba,alba@hotmail
4242,Marina,Madrid,madrid@galarza
4326,Sheila,Goodwin,goodwin@yahoo
5560,Valeria,Rich,rich@turchetta
4002,Dustin,Camacho,camacho@rhodes
3813,Amalia,Marenzio,marenzio@grupo
5336,Gian,Long,long@hotmail
4994,Stewart,Hunt,hunt@anderson
1471,Greca,Ruiz,ruiz@carr
4482,Gerald,Olivera,olivera@outlook
3241,Jaqueline,Wallace,wallace@gmail
3477,John,Lane,lane@gregoire
2265,Pero,Joly,joly@bernard
5911,Chad,Turner,turner@gmail
2288,Adam,Zavala,zavala@guichard
4064,Tyler,Rivera,rivera@guajardo
1294,Jens,Graham,graham@jones
5008,Virginia,Caetani,caetani@sosa
3604,Martino,Wagner,wagner@laposte
3263,Martin,Meyer,meyer@davis
5631,Marguerite,Walls,walls@martinez
2851,Peter,Vogt,vogt@yahoo
3714,Nicholas,Christian,christian@hotmail
1664,Susi,Steinberg,steinberg@preiss
5027,Tammy,Ramazzotti,ramazzotti@gmail
3070,Abdul,Thomas,thomas@vasari
4248,Justin,Luxardo,luxardo@googlemail
2034,Antonio,Gibson,gibson@faust
4085,Jeremy,Gomez,gomez@oconnor
3569,Raymond,Solorzano,solorzano@gmail
3889,Flora,Harris,harris@hotmail
3136,Cheryl,Boyd,boyd@segni
2103,Rhys,Leiva,leiva@gmx
2329,Mariano,Prieto,prieto@vodafone
3325,Laurie,Fibonacci,fibonacci@gmail
3131,David,Rudolph,rudolph@nelson
4995,Bryan,Ross,ross@yahoo
3631,Ubaldo,Brown,brown@philippe
5373,Clelia,Faulkner,faulkner@hotmail
3126,Sara,Erickson,erickson@yahoo
2194,Rupert,Valle,valle@filogamo
2906,Puccio,Kitzmann,kitzmann@yahoo
2611,Thomas,Hutchinson,hutchinson@gmx
2374,Abelardo,Castro,castro@gmail
3254,Greco,Walker,walker@yahoo
3571,Miranda,Lacombe,lacombe@longoria
2812,Diana,Schuchhardt,schuchhardt@libero
3961,Stacey,Knox,knox@corporacin
3872,Glen,Faivre,faivre@yahoo
4736,Andrew,Torres,torres@ruiz
5119,Denny,Fritz,fritz@despacho
5725,Martyn,Caldera,caldera@hotmail
4037,Abigail,Foster,foster@taylor
2109,Anthony,Hauffer,hauffer@tlustek
3283,Roger,Gerlach,gerlach@may
6181,Christopher,Poirier,poirier@hotmail
3251,Branka,Traore,traore@jacobi
3443,Briana,Etienne,etienne@bishop
2988,Brandon,Olson,olson@prince
1673,Celia,Ungaretti,ungaretti@fox
2085,Barbara,Guibert,guibert@casares
1672,Daniela,Bell,bell@vollbrecht
4426,Phyllis,Gurule,gurule@rodriguez
3211,Alejandra,Joseph,joseph@escalante
3190,Giulio,Bohlander,bohlander@dbmail
2081,Amber,Weller,weller@toso
3185,Mary,Etzold,etzold@conrad
5044,Amy,Georges,georges@raedel
1883,Jennifer,Giraud,giraud@yahoo
2067,Rosie,Peltier,peltier@voila
4604,Oreste,Ward,ward@proyectos
3203,Luis,Edwards,edwards@live
5758,Fiona,Griffiths,griffiths@curatoli
5755,Sally,Raya,raya@tarchetti
5150,Carolyn,Charpentier,charpentier@hotmail
4181,Nathalie,Alvarez,alvarez@live
3006,Abril,Lowery,lowery@novak
4865,Ottone,Sullivan,sullivan@hussain
2862,Esmeralda,Sollima,sollima@visintini
6070,Silvia,Gierschner,gierschner@tele2
5300,Kyle,Cunningham,cunningham@voila
3486,Anel,Carpentier,carpentier@klein
5989,Sarah,Davis,davis@david
2849,Luke,Klein,klein@hotmail
1612,Gudrun,Mueller,mueller@dillon
3307,Melissa,Canali,canali@libero
5288,Gabrielle,Ayala,ayala@hotmail
6026,Laura,Buckley,buckley@ryan
2212,Wilfrido,Lorch,lorch@leclerc
4591,Robert,Bruder,bruder@manzoni
2771,Phillip,Soliz,soliz@outlook
5682,Alex,Smith,smith@fournier
5368,Jessica,Martinez,martinez@salieri
3706,Kelly,Carter,carter@hotmail
4034,Ahmad,Sosa,sosa@gmail
3209,Toralf,Iglesias,iglesias@borrego
2384,Irene,Anichini,anichini@yahoo
3074,Alicia,Cainero,cainero@yahoo
2031,Tracey,Laboy,laboy@bell
5873,Donald,Reynaud,reynaud@green
5501,Venancio,Stadelmann,stadelmann@gmx
3489,Seth,Olivier,olivier@yahoo
4210,Dennis,Boaga,boaga@gmx
6151,Pedro,Wilson,wilson@outlook
6047,Roland,Weihmann,weihmann@gmail
5445,Hector,Morrison,morrison@web
5493,Evangelos,Peters,peters@sanchez
6036,Gerardo,Hamilton,hamilton@libero
2368,Meta,Cuzzocrea,cuzzocrea@howard
1501,Alma,Raymond,raymond@tin
4351,Kathleen,Solimena,solimena@wallace
3096,Zacharie,Cordier,cordier@gmail
6162,Riza,Techer,techer@yahoo
1433,Enrique,Guillen,guillen@hotmail
2720,Tristan,Weeks,weeks@pena
5251,Natalie,Lerma,lerma@boucher
1797,Rodney,Hamon,hamon@hotmail
1656,Adalberto,Lombardo,lombardo@sfr
1346,Florencia,Querini,querini@gmail
2989,Liam,Rolland,rolland@yahoo
5629,Ian,Kelly,kelly@reeves
3456,Mehdi,Todd,todd@web
3229,Rembrandt,Liguori,liguori@davis
2277,Irmi,Schweitzer,schweitzer@ozuna
1276,Gioffre,Stein,stein@hotmail
3694,Frida,Villarreal,villarreal@hotmail
2260,Steffen,Mangold,mangold@paul
5374,Elias,Marin,marin@herve
4420,Roman,Gonzalez,gonzalez@anderson
3849,Reina,Middleton,middleton@hotmail
1638,Sandro,Moran,moran@hotmail
5230,Gebhard,Thanel,thanel@gmail
1763,Antonino,Bolander,bolander@gmail
4323,Karl,Trevisani,trevisani@anguissola
5256,Silvester,Brookes,brookes@franco
4836,Octavio,Pratt,pratt@web
5981,Rebecca,Greer,greer@hotmail
1463,Pierina,Gaggini,gaggini@free
4577,Robin,Schleich,schleich@rogers
4951,Sergio,Abbott,abbott@moore
3567,Gilberto,Evans,evans@salcedo
5475,James,Elliott,elliott@gmail
2114,Timoteo,Bolnbach,bolnbach@laboratorios
5216,Tonino,Stanley,stanley@hotmail
1665,Margaretha,Murialdo,murialdo@meunier
6051,Bianca,Drubin,drubin@libero
3983,Kaylee,Hoffmann,hoffmann@poulain
2966,Teresa,Vecellio,vecellio@yahoo
4478,Emine,Tacchini,tacchini@dbmail
4238,Dawn,Cortez,cortez@gmail
4404,Emily,Cundari,cundari@clark
5666,Eleanor,Hall,hall@hotmail
3691,Monique,Delgadillo,delgadillo@hotmail
2703,Arnaude,Warner,warner@gmail
4253,Jason,Howell,howell@gmx
5652,Nicole,Mccullough,mccullough@hall
3279,Rosmarie,Esquibel,esquibel@bouygtel
3233,Leonor,Ferreira,ferreira@gmail
3017,Brett,Jones,jones@alice
3482,Nino,Bien,bien@gmail
2166,Jemma,Tate,tate@hotmail
4146,Denis,Rogers,rogers@poste
2651,Vanesa,Khan,khan@voila
1409,Victoria,Ojeda,ojeda@doehn
3717,Eugenio,Martin,martin@yahoo
3963,Nancy,Hayes,hayes@hotmail
2152,Lara,Jacob,jacob@buckley
2974,Gino,Hernandez,hernandez@covarrubias
1268,Vicente,Tijerina,tijerina@montanariello
1822,Michele,Brambilla,brambilla@yahoo
5066,Dana,Ritacca,ritacca@gmail
5075,Mitchell,Bachmann,bachmann@suarez
3855,Vincenza,Key,key@adams
5923,Salvador,Gaillard,gaillard@yahoo
1867,Diane,Rogner,rogner@kelly
4376,Josette,Laine,laine@saracino
2785,Courtney,Fiebig,fiebig@doerschner
5884,Hugues,Oliver,oliver@stiffel
2441,Espartaco,Willis,willis@hotmail
1243,Flavia,Yoder,yoder@hotmail
3411,Casey,Flores,flores@baggio
2467,Calogero,Cross,cross@mercantini
1850,Charles,Begum,begum@laboratorios
2604,Adina,Pollard,pollard@outlook
1693,Natasha,Lara,lara@outlook
2969,Benita,Pottier,pottier@sfr
1544,Elizabeth,Valdivia,valdivia@gmail
4149,Mattia,Huet,huet@aol
3463,Geza,Howard,howard@voila
2939,Lauren,Guillaume,guillaume@sorgatz
2202,Joanna,Baxter,baxter@bruce
1728,Tracy,Metz,metz@bryant
5362,Birgit,Pena,pena@armellini
4840,Elvira,Papafava,papafava@ifrance
2955,Ernest,Delorme,delorme@dowerg
5354,Christy,Grossi,grossi@alarcon
3847,Hermelinda,Olmos,olmos@portillo
3025,Herbert,Fraser,fraser@holloway
1615,Giancarlo,Heydrich,heydrich@hotmail
5154,Constance,Maldonado,maldonado@spiess
5005,Giampiero,Carlier,carlier@hotmail
1349,Carlo,Jacquot,jacquot@hotmail
3670,Gabriel,Robles,robles@yahoo
2912,Gerd,Gunpf,gunpf@gmail
4336,Ashley,Hellwig,hellwig@libero
5576,Patrick,Rosas,rosas@yahoo
2736,Lilla,Leonard,leonard@jungfer
3321,Tony,Nicolas,nicolas@morrocco
3353,Allegra,Benedetti,benedetti@miller
2336,Camille,Tafuri,tafuri@aol
4369,Juan,Wheeler,wheeler@gilmore
4464,Leopoldo,Johnson,johnson@hotmail
5626,Dietmar,Grenier,grenier@tele2
1669,Leonid,Scholl,scholl@collin
5544,Olivie,Contarini,contarini@marshall
6078,Jeffery,Lacroix,lacroix@medina
2580,Edeltraud,Chavez,chavez@hotmail
3592,Mesut,Morvan,morvan@gmail
4914,Gregory,Jackson,jackson@ortiz
3848,Nicola,Rossi,rossi@berry
2619,Eddie,Collazo,collazo@gmail
4605,Philippe,Gardner,gardner@howells
6147,Roy,Fox,fox@tejeda
1383,Heiderose,Garcia,garcia@noos
1757,Claudine,Rowley,rowley@industrias
4390,Astrid,Roht,roht@fastwebnet
4165,Auguste,Burnett,burnett@yahoo
4529,Pellegrino,Allen,allen@gmail
6084,Angela,Bowers,bowers@laboratorios
2916,Michael,Descamps,descamps@gmail
2005,Heidelore,Kennedy,kennedy@guinizzelli
2261,Lucrezia,Koch,koch@petit
5342,Ivan,Accardo,accardo@web
4087,Karen,Avogadro,avogadro@yahoo
2761,Laetitia,Gallet,gallet@aubry
2908,Amico,Gosselin,gosselin@shaw
2155,Ilaria,Bowen,bowen@hotmail
5642,Marlen,Coardi,coardi@colletti
6217,Rafael,Alexander,alexander@jenkins
4222,Herma,Gabbana,gabbana@hotmail
4798,Zachary,Vespucci,vespucci@industrias
5660,Marisol,Richard,richard@gmail
5000,Joseph,Glover,glover@laposte
2809,Lauretta,Neal,neal@hotmail
3349,Simone,Sauvage,sauvage@yahoo
3647,Ramona,Brooks,brooks@kensy
5745,Gioele,Schwital,schwital@moody
2583,Elena,Jimenez,jimenez@yahoo
5441,Pam,Vargas,vargas@guillot
2090,Alison,Morales,morales@lewis
3386,Marc,Aumann,aumann@holland
1816,Carla,Butler,butler@yahoo
4718,Dionigi,Bruce,bruce@industrias
1677,Frank,Henry,henry@yahoo
4218,Brent,Pons,pons@proyectos
4548,Patricia,Liebelt,liebelt@baca
1431,Micheletto,Sykes,sykes@thompson
2830,Rose,Blanc,blanc@grupo
4400,Vincent,Singh,singh@gmail
5773,Jamie,Peacock,peacock@interiano
4161,Giorgia,Dijoux,dijoux@paul
2062,Serena,Piacentini,piacentini@yahoo
3458,Dimitri,Posada,posada@gmail
3174,Alexa,Barillaro,barillaro@ramos
5565,Megan,Kuhl,kuhl@despacho
1906,Kaitlyn,Farinelli,farinelli@outlook
5479,Jonathan,Castellitto,castellitto@libero
4320,Lisa,Terragni,terragni@proyectos
4213,Olivier,Petrucelli,petrucelli@letta
3373,Jos,Trobbiani,trobbiani@samson
4184,Mirjam,Dawson,dawson@yahoo
5472,Javier,Tessier,tessier@mclaughlin
5559,Mirjana,Collins,collins@hotmail
5419,Vanessa,Tschentscher,tschentscher@mitchell
4171,Antonina,Cobb,cobb@gibson
1302,Bernard,Durand,durand@royer
3520,Corey,Greggio,greggio@johnson
6010,Rodolfo,Couturier,couturier@tim
4617,Pierre,Cardenas,cardenas@luzi
1417,Romeo,Surian,surian@batista
4770,Ivo,Moreno,moreno@hotmail
4328,Federico,Marie,marie@jourdan
5171,Maggie,Boito,boito@yahoo
4394,Brianna,Hanson,hanson@stanley
1794,Heiko,Bourgeois,bourgeois@togliatti
3510,Benito,Gritti,gritti@gmail
2487,Mitzy,Junk,junk@zaragoza
2215,Samantha,Lowe,lowe@praga
4136,Ernesto,Nerger,nerger@middleton
3723,Melinda,Canova,canova@orange
5842,Mohammad,Hartung,hartung@hotmail
3289,Ben,Maillot,maillot@ramos
1249,Isabel,Pruschke,pruschke@gmail
5409,Linda,Franceschi,franceschi@richards
2951,Olivia,Striebitz,striebitz@gmail
3432,Penny,Watson,watson@matthews
2297,Manfred,James,james@davies
6161,Hazel,Pierce,pierce@outlook
4603,Alf,Bates,bates@dunn
5818,Scott,Gough,gough@industrias
4270,Konrad,Briones,briones@fierro
6007,Mathilde,Kruschwitz,kruschwitz@yahoo
4084,Irma,Gemito,gemito@googlemail
1340,Antoine,Guyon,guyon@yahoo
5675,William,Gibilisco,gibilisco@gaillard
2010,Judith,Butte,butte@fischer
6201,Joanne,Henderson,henderson@gmail
1791,Ludovica,Arellano,arellano@morandi
3314,Catherine,Gray,gray@hotmail
5852,Franco,Fioravanti,fioravanti@barry
4618,Heather,Zimmer,zimmer@bluemel
2618,Hortense,Taylor,taylor@chambers
4967,Livia,Ernst,ernst@colas
4594,Toby,Etzler,etzler@industrias
2080,Ennio,Leoncavallo,leoncavallo@sanchez
2793,Philippine,Vaca,vaca@hotmail
4890,Rhonda,Phillips,phillips@yahoo
3528,Alphonse,Nitto,nitto@voila
5810,Karina,Arreola,arreola@yahoo
5720,Denise,Wood,wood@mantegna
4593,Burghard,Rosenow,rosenow@hotmail
3186,Friedl,Powell,powell@laposte
5136,Benjamin,Schultz,schultz@rivero
2646,Rachel,Ulibarri,ulibarri@schueler
3460,Silvano,Blanchet,blanchet@yahoo
4345,Kurt,Sauer,sauer@almanza
2690,Nayeli,Gehringer,gehringer@hotmail
4025,Imelda,Guerin,guerin@stumpf
4524,Zbigniew,Holmes,holmes@stiffel
3978,Adela,Alfonsi,alfonsi@despacho
3910,Hilary,Clark,clark@libero
5825,Kornelius,Molina,molina@heuser
3564,Christian,Anderson,anderson@tim
2396,Francisco,Dorsey,dorsey@tiscali
2140,Walli,Albert,albert@dussen
3079,Siegrun,Mota,mota@matthews
2017,Alberico,Herve,herve@beer
5444,Serafina,Bonnin,bonnin@mendes
2216,Marcelle,Bender,bender@edwards
1241,Hartmuth,Robertson,robertson@thomas
1484,Herlinde,George,george@free
3475,Pamela,Payne,payne@yahoo
4333,Gastone,Beyer,beyer@stewart
5657,Lydia,Berengario,berengario@aol
2527,Lucy,Davidson,davidson@tele2
5967,Franck,Wade,wade@gute
5698,Heidi,Barker,barker@gmail
3331,Arnaldo,Ocasio,ocasio@hotmail
3841,Francis,Bernier,bernier@rodriguez
6105,Johanne,Strong,strong@yahoo
3895,Debra,Langlois,langlois@schmiedecke
1891,Reingard,Kambs,kambs@sagese
1281,Mauro,Ortiz,ortiz@oquendo
4186,Griselda,Carranza,carranza@krause
2511,Janet,Madrigal,madrigal@gmail
4272,Jenna,Day,day@reed
3533,Modesto,Wright,wright@pareto
3618,Alice,Wall,wall@zaccardo
2177,Brenda,Sontag,sontag@solari
4102,Sergius,Mace,mace@palazzo
6089,Antonia,Kline,kline@gmail
4701,Maurice,Gumprich,gumprich@griffin
5645,Daniel,Anders,anders@yahoo
4499,Zaira,Cattaneo,cattaneo@yahoo
3365,Alessio,Bruneau,bruneau@hotmail
2290,Gerdi,Guerrero,guerrero@tele2
1890,Brigitte,Stiebitz,stiebitz@gmail
1304,June,Sinisi,sinisi@manzoni
3799,Carl,Macias,macias@yahoo
2749,Veronica,Trapp,trapp@tiscali
2028,Frances,Garnier,garnier@aporti
2383,Terri,Iannelli,iannelli@hotmail
5721,Odette,Moore,moore@hall
1394,Mercedes,Trujillo,trujillo@aol
3451,Babette,Dumas,dumas@brady
5512,Jerry,Santiago,santiago@soprano
2453,Ronald,Simpson,simpson@ovadia
6055,Emmanuel,Dominguez,dominguez@gmail
5704,Christiane,Ricciardi,ricciardi@zavala
3707,Ingolf,Zamora,zamora@yahoo
2205,Rita,Sharp,sharp@beard
5976,Geraldine,Cabrera,cabrera@green
3290,Chantal,Armas,armas@jenkins
4257,Louis,Gilbert,gilbert@gmail
4588,Michelle,Collier,collier@peruzzi
4785,Guillermina,Nicholson,nicholson@grondin
3033,Bertrand,Hopkins,hopkins@gmail
2779,Alonso,Palomo,palomo@gehringer
2131,Tina,Rodriguez,rodriguez@web
6229,Eva,Francis,francis@parker
3429,Ottavio,Rust,rust@crespi
1613,Amelia,Olvera,olvera@hotmail
4734,Paul,Palladio,palladio@mclaughlin
4439,Bernardo,Wieloch,wieloch@budig
1441,Umberto,Hicks,hicks@hill
5799,Janko,Bishop,bishop@tim
1419,Jessika,Meunier,meunier@gmx
3059,Isaac,Benard,benard@googlemail
3224,Alexandrie,Lambert,lambert@yahoo
3181,Roberto,Guyot,guyot@bennett
6061,Giulietta,Lucas,lucas@club
4466,Damaris,Pininfarina,pininfarina@gmail
6081,Fabrizia,Renard,renard@higgins
2159,Camillo,Dehmel,dehmel@brown
3324,Ruggero,Parpinel,parpinel@gmail
3176,Stephen,Pratesi,pratesi@hotmail
5874,Ludger,Naccari,naccari@ingram
5110,Meryem,Tapia,tapia@yahoo
5490,Jasmine,Juvara,juvara@yahoo
1922,Victoire,Travaglia,travaglia@zacchia
4398,Adrian,Noel,noel@perrin
4754,Marvin,Howe,howe@gmail
3309,Hanne,Kidd,kidd@yahoo
1244,Donatello,Millet,millet@fritsch
2892,Eloisa,Pascarella,pascarella@gmail
2777,Erica,Zambrano,zambrano@gmail
4952,Paula,Canales,canales@gilmore
5144,Claudia,Bernard,bernard@mazzanti
5487,Paulina,Miller,miller@lewis
1932,Kathrin,Godfrey,godfrey@tele2
3364,Pina,Passalacqua,passalacqua@yahoo
5165,Julien,Miles,miles@stevens
3858,Suzanne,Benigni,benigni@mennea
4666,Annalisa,Pugh,pugh@hotmail
2896,Mathew,Maestas,maestas@casas
4520,Laszlo,Vallee,vallee@verdier
5726,Helen,Polanco,polanco@hotmail
5661,Mateo,Sorrentino,sorrentino@calderon
4765,Eric,Barnes,barnes@barrett
3710,Dragica,West,west@yahoo
4925,Antje,Voisin,voisin@gmail
1533,Stanley,Mills,mills@parker
5264,Brandy,Meraz,meraz@yahoo
4606,Conor,Reinhardt,reinhardt@yahoo
2043,Gabino,Blot,blot@lewis
3871,Alvaro,Lemus,lemus@yahoo
6205,Patrizia,Wilms,wilms@dbmail
3193,Metin,Coulon,coulon@ashley
1810,Reece,Valencia,valencia@laboy
4797,Troy,Schmiedecke,schmiedecke@picard
1487,Wendy,Bustos,bustos@libero
3474,Guglielmo,Caldwell,caldwell@loeffler
5771,Travis,Cowan,cowan@turner
6074,Brandi,Abbagnale,abbagnale@tele2
1568,Hanno,Gollum,gollum@smith
4263,Jutta,Burke,burke@elliott
5850,Dorothe,Paz,paz@fiebig
5619,Desiree,Huerta,huerta@morris
1904,Ilse,Bray,bray@venturi
5388,Pierpaolo,Scaduto,scaduto@sanders
2150,Amedeo,Bradford,bradford@yahoo
2653,Julia,Ali,ali@yahoo
2687,Catalina,Pizzetti,pizzetti@tim
3779,Dylan,Porzio,porzio@yahoo
1494,Iris,Trincavelli,trincavelli@tiscali
4129,Johnathan,Guidotti,guidotti@cox
3035,Walburga,Vollbrecht,vollbrecht@aol
2069,Kendra,David,david@allan
5469,Aleksandr,Weiss,weiss@blanc
3903,Cornelio,Guardado,guardado@gmail
4083,Ferdi,Blackburn,blackburn@christensen
4003,Bill,Gallagher,gallagher@green
3565,Leonard,Harvey,harvey@hotmail
1640,Milan,Montenegro,montenegro@langern
4769,Philip,Perez,perez@hotmail
3398,Kathryn,Hentschel,hentschel@shaw
1865,Xavier,Samson,samson@baggio
5690,Hartwig,Roberts,roberts@saraceno
3814,Kimberly,Chan,chan@gmail
2942,Lorraine,Crawford,crawford@gmail
5095,Maximiliano,Knowles,knowles@gmail
2878,Gabriella,Avila,avila@gmail
3697,Rico,Mortati,mortati@faivre
4744,Gail,Petrocelli,petrocelli@yahoo
2104,Liberto,Niemeier,niemeier@germano
4883,Luciana,Petitjean,petitjean@patterson
4807,Ron,Cavazos,cavazos@yahoo
1372,Aldo,Cibin,cibin@gmx
3666,Alexandre,Serrano,serrano@yahoo
2066,Lori,Fagotto,fagotto@hill
1834,Perla,Figueroa,figueroa@live
5853,Reginald,Hughes,hughes@gmail
2219,Uriel,Holt,holt@gmail
4148,Stefano,Lemonnier,lemonnier@binner
4477,Madeleine,Cooper,cooper@poste
1786,Alban,Barbier,barbier@ortiz
3455,Alfonso,Finetti,finetti@quiroz
5707,Ryan,Kim,kim@noos
5470,Augustin,Wohlgemut,wohlgemut@watson
3274,Rolando,Bibi,bibi@tin
4613,Berthold,Randall,randall@mcdonald
4465,Genaro,Briand,briand@sfr
1652,Rudolf,Jenkins,jenkins@hotmail
2100,Pauline,Ackermann,ackermann@arredondo
4321,Folker,Swanson,swanson@rodrigues
4168,Ashleigh,Montez,montez@perry
3733,Liliana,Barber,barber@libero
2594,Caridad,Carr,carr@huhn
3909,Lolita,Borrego,borrego@gmail
5179,Gunar,Patrick,patrick@leroy
2228,Leokadia,Verdier,verdier@hotmail
6222,Hanna,Reid,reid@salas
2354,Edelgard,Kreusel,kreusel@hotmail
1725,Svenja,Perrin,perrin@berger
2960,Pierluigi,Taccola,taccola@gmx
2077,Cilli,Watts,watts@yahoo
5662,Emiliano,Wells,wells@gmx
3481,April,Davids,davids@fisher
2565,Dolores,Didier,didier@yahoo
4436,Sylvia,Bonomo,bonomo@poulain
5072,Nelly,Marsh,marsh@hotmail
5200,Beth,Miniati,miniati@hudson
4502,Renee,Merino,merino@gmail
4945,Hailey,Russell,russell@jourdan
3012,Raphaela,Gotthard,gotthard@outlook
6094,Pomponio,Comencini,comencini@hotmail
3815,Leone,Richardson,richardson@yahoo
4838,Valentine,Acosta,acosta@peters
3469,Ricciotti,Laureano,laureano@parsons
4874,Jacques,Heidrich,heidrich@zamudio
1792,Anne,Snow,snow@gmail
4356,Sonia,Volta,volta@gmx
6196,Dale,Leblanc,leblanc@stewart
3578,Alejandro,Cruz,cruz@hotmail
4491,Elsa,Cugia,cugia@yahoo
3054,Geronimo,Pechel,pechel@hotmail
1968,Melania,Klemm,klemm@seidel
5869,Katherine,Cooley,cooley@yahoo
5858,Guillermo,Larsen,larsen@yahoo
5203,Jill,Barrios,barrios@gmail
2577,Austin,Musatti,musatti@tin
3216,Jacinto,Rose,rose@yahoo
2037,Lucie,Redi,redi@googlemail
3867,Tania,Chapman,chapman@remy
5109,Alexandria,Best,best@yahoo
1376,Edward,Scott,scott@yahoo
5260,Jake,Wiley,wiley@outlook
2350,Claudio,Reuter,reuter@morgan
2269,Laure,Traetta,traetta@kay
3650,Magarete,Valentin,valentin@yahoo
3934,Paige,Hill,hill@jones
4048,Fulvio,Curiel,curiel@reynolds
4266,Thibaut,Camarillo,camarillo@hotmail
3863,Romana,Blanchard,blanchard@googlemail
4922,Thibault,Savorgnan,savorgnan@butler
4517,Alexander,Pausini,pausini@gonzalez
3259,Pierangelo,Scholtz,scholtz@lefevre
3123,Emmanuelle,Keller,keller@morton
3870,Isabella,Deleon,deleon@web
2996,Timothy,Weitzel,weitzel@gmail
2993,Alfredo,Ingram,ingram@hotmail
4556,Francesca,Kade,kade@luna
2326,Tonia,Coleman,coleman@hotmail
4109,Gottfried,Barbe,barbe@hotmail
5739,Jeffrey,Trommler,trommler@yahoo
5887,Giacobbe,Owens,owens@huet
1651,Conchita,Pagliaro,pagliaro@googlemail
1628,Kevin,Delahaye,delahaye@ellis
2642,Rouven,Ovadia,ovadia@gmail
6020,Piermaria,Laporte,laporte@wesack
4747,Karolin,Johann,johann@hotmail
5534,Steven,Folliero,folliero@noos
4790,Livio,Rosselli,rosselli@green
4632,Gaetano,Leonardi,leonardi@despacho
1952,Cynthia,Robinson,robinson@gilles
4388,Eleni,Aponte,aponte@club
5529,Noelia,Romo,romo@yahoo
1316,Evelyn,Haynes,haynes@clark
1670,Katharine,Zaccagnini,zaccagnini@hotmail
4909,Lea,Merle,merle@stey
3401,Marta,Huynh,huynh@hernandez
4619,Amador,Riley,riley@hotmail
4722,Julie,Coles,coles@hotmail
2188,Beverley,Telesio,telesio@regnier
5497,Corinne,Mitschke,mitschke@hauffer
5711,Valerie,Ortega,ortega@tele2
4076,Carlos,Delle,delle@hicks
1847,Christina,Besnard,besnard@delorme
2816,Rosario,Jacques,jacques@yahoo
5019,Celal,Fischer,fischer@aol
4869,Leonardo,Guzman,guzman@andreozzi
3613,Clinton,Mason,mason@yahoo
3069,Loretta,Mallet,mallet@sansoni
2601,Lorenzo,Roero,roero@hotmail
2133,Lando,Gutierrez,gutierrez@heser
3164,Elaine,Patterson,patterson@rose
3897,Marcella,Govoni,govoni@barkholz
5663,Ettore,Amaldi,amaldi@germain
3879,Rufino,Gallegos,gallegos@webster
5900,Georges,Richards,richards@macdonald
2272,Janice,Infantino,infantino@hotmail
5436,Svetlana,Montanariello,montanariello@putz
3676,Agnolo,Cedillo,cedillo@laboratorios
4676,Hannah,Jockel,jockel@ceravolo
1563,Yvonne,Stout,stout@sims
4349,Anouk,Pace,pace@gmail
1658,Esteban,Valdez,valdez@hotmail
2552,Angelina,Davies,davies@hotmail
4847,Anastasie,Cadena,cadena@live
1553,Hansjoachim,Lettiere,lettiere@hall
2632,Yeni,Tejada,tejada@olson
1908,Dulce,Adinolfi,adinolfi@hotmail
5801,Sean,Mielcarek,mielcarek@gmail
1935,Omar,Fonseca,fonseca@grupo
2609,Henry,Gucci,gucci@leleu
2740,Samira,Bottaro,bottaro@vasseur
1907,Korinna,Arnold,arnold@zapata
1831,Marcela,Ferrante,ferrante@gmx
5177,Douglas,Amaya,amaya@favata
6179,Katherina,Barrientos,barrientos@trobbiani
2917,Brittany,Tran,tran@tele2
1486,Caroline,Reeves,reeves@yahoo
3735,Joe,Michaud,michaud@yahoo
3838,Marco,Vittadello,vittadello@gmail
2430,Kim,Webb,webb@yahoo
2480,Eugenia,Zichichi,zichichi@yahoo
3431,Aurore,Rosemann,rosemann@leoncavallo
1742,Giustino,Luzi,luzi@rolland
4628,Anita,Galindo,galindo@gmail
2385,Gunhild,Carrillo,carrillo@elliott
2213,Rosa,Paul,paul@bien
5188,Marliese,Oneal,oneal@gmail
3418,Bethany,Hartmann,hartmann@yahoo
5637,Irina,Martineau,martineau@gmail
3530,Beatriz,Moulin,moulin@pinto
3731,Lucas,Austin,austin@gmail
3219,Carole,Nohlmans,nohlmans@yahoo
2392,Bozena,Schmitt,schmitt@vallet
5103,Aimee,Foconi,foconi@outlook
3992,Marzena,Carrero,carrero@roskoth
2442,Raisa,Poulain,poulain@fastwebnet
2913,Marcantonio,Bennett,bennett@hopkins
1631,Kenneth,Hurst,hurst@meunier
4073,Marisela,Mende,mende@godoy
4568,Blanka,Villareal,villareal@monduzzi
1830,Tomislav,Stoppani,stoppani@corporacin
2623,Krystal,Ammaniti,ammaniti@barbier
4327,Deanna,Aporti,aporti@bouygtel
3713,Donatella,Burns,burns@yahoo
2389,Margrit,Hooper,hooper@douglas
5141,Baccio,Marcacci,marcacci@laposte
3522,Alfio,Roman,roman@hotmail
1334,Soledad,Soto,soto@hotmail
4721,Josh,Cimarosa,cimarosa@hotmail
3768,Nath,Rico,rico@yahoo
1639,Gary,Armani,armani@web
5149,Miriam,Oquendo,oquendo@smith
2153,Monica,Mohaupt,mohaupt@live
2767,Alec,Ho,ho@parra
5124,Harry,Fouquet,fouquet@ibarra
2097,Arcelia,Babati,babati@orange
4796,Trinidad,Vespa,vespa@gmail
5849,Colette,Ryan,ryan@hotmail
1495,Richard,Andre,andre@porras
2462,Ellinor,Leclercq,leclercq@gmail
2280,Patricio,Guillon,guillon@web
1877,Kirsten,Chindamo,chindamo@carrillo
6108,Leo,Petruzzi,petruzzi@yahoo
4427,Margot,Tomaselli,tomaselli@junck
2881,Ansaldo,Marks,marks@patel
2339,Regina,Morin,morin@barcaccia
5156,Karla,Medici,medici@yahoo
4750,Morgan,Irizarry,irizarry@williams
4852,Natividad,Wong,wong@hoevel
5734,Anna,Freeman,freeman@snyder
3801,Emilia,Vivaldi,vivaldi@garnier
4474,Gerda,Cook,cook@tin
1992,Andrey,Faure,faure@frederick
5796,Charlotte,Duke,duke@ochoa
1373,Cindy,Castillo,castillo@virgilio
1879,Hiltrud,Thibault,thibault@barbe
3072,Kasimir,Jaime,jaime@gmail
4561,Sabine,Lachmann,lachmann@phillips
5201,Andrea,Arroyo,arroyo@yahoo
5871,Matthew,Velasquez,velasquez@gmail
3041,Severino,Linares,linares@angeli
5864,Swantje,Lomeli,lomeli@gmx
3999,Marcus,Espino,espino@comolli
4849,Allen,Gates,gates@gmail
5461,Mauricio,Saunders,saunders@hotmail
5946,Gilbert,Cornejo,cornejo@hotmail
4508,Letizia,Gulotta,gulotta@howard
5096,Etta,Gutknecht,gutknecht@leconte
5443,Shelley,Perry,perry@gierschner
2165,Geoffrey,Williams,williams@poste
2125,Cory,Stewart,stewart@voila
6141,Kristy,Bartlett,bartlett@outlook
5245,Gianluca,Beck,beck@green
2190,Guido,Krein,krein@gmail
2243,Leif,Monnier,monnier@querini
3336,Jonas,Badoer,badoer@kennedy
3305,Devin,Ebert,ebert@yahoo
6191,Slobodan,Camiscione,camiscione@hotmail
1326,Volkmar,Gauthier,gauthier@hotmail
6159,Jordan,Rowe,rowe@outlook
2003,Manon,Daugherty,daugherty@segre
5881,Estela,Segovia,segovia@vodafone
1918,Giada,Celentano,celentano@evans
2157,Clayton,Salcedo,salcedo@hotmail
3149,Raven,Pinto,pinto@hotmail
2444,Lewis,Lewis,lewis@pisano
6207,Rochus,Rousseau,rousseau@nguyen
5580,Belinda,Gamez,gamez@leleu
5942,Angelo,Lozano,lozano@macias
1592,Jorge,Monti,monti@clement
2344,Ricky,Harrell,harrell@martin
5995,Adriano,Wulf,wulf@schmidtke
5022,Pompeo,Bourdon,bourdon@gmail
5991,Kristie,Garrett,garrett@wernecke
4020,Lodovico,Conley,conley@yahoo
6028,Jean,Berthelot,berthelot@oscuro
2790,Tadeusz,Medina,medina@jackson
4033,Ruby,Carriera,carriera@hotmail
1261,Theres,Antonioni,antonioni@hotmail
1979,Gloria,Morton,morton@outlook
2122,Graziano,Jensen,jensen@gmail
4506,Gianpaolo,Massey,massey@bouvier
3016,Alain,Farmer,farmer@hotmail
3272,Renato,Murillo,murillo@club
1375,Edda,Ferraris,ferraris@libero
4014,Luce,Marty,marty@waehner
3199,Rotraud,Mitchell,mitchell@laboratorios
2184,Israel,Watkins,watkins@hotmail
2170,Nathan,Jennings,jennings@kim
1478,Gavin,Proietti,proietti@gmx
6163,Emma,Rios,rios@yahoo
1889,Todd,Douglas,douglas@web
5912,Oscar,Holsten,holsten@yahoo
2537,Ann,Peron,peron@grupo
2118,Senta,Grassi,grassi@hotmail
3234,Kata,Mena,mena@gmail
3842,Gianfranco,Hethur,hethur@stewart
3032,Florentine,Saraceno,saraceno@gmail
3238,Giuliano,Bolzmann,bolzmann@pacillo
2059,Alwine,Kostolzin,kostolzin@holloway
5238,Giacinto,Briggs,briggs@yahoo
2578,Holly,Negrete,negrete@hotmail
4789,Mark,Trapanese,trapanese@gmail
2357,Alyssa,Brun,brun@chittolini
1235,Cristina,Chevalier,chevalier@proyectos
3558,Shannon,Lefevre,lefevre@gmail
1707,Logan,Hornich,hornich@tin
2842,Rosalia,Toro,toro@free
5318,Reiner,Poerio,poerio@yahoo
1620,Valentina,Pages,pages@hotmail
4998,Enrico,Fabre,fabre@gmail
3111,Sevim,Begue,begue@yahoo
1424,Sonja,Patberg,patberg@hotmail
3244,Christine,Hiller,hiller@yahoo
4643,Maik,Beasley,beasley@harper
6132,Elliot,Santana,santana@gmx
3790,Eloy,Renzi,renzi@gmail
1312,Wolf,Lutz,lutz@nichols
5686,Giuseppe,Lee,lee@mahe
2111,Angelica,Cuellar,cuellar@zaguri
5685,Bekir,Normand,normand@yahoo
1905,Carmine,Gonzales,gonzales@schleich
3271,Marianne,Hubert,hubert@hotmail
4178,Gonzalo,Montes,montes@hotmail
3275,Shelly,Guichard,guichard@gmail
5713,Tobias,Carbajal,carbajal@live
3339,Santiago,Berry,berry@aol
5585,Emilio,Davenport,davenport@zamora
4407,Maurizio,Gute,gute@knight
1941,Nadia,Travaglio,travaglio@colletti
4690,Elisa,Barkholz,barkholz@sfr
3607,Cristal,Mazzini,mazzini@gmail
2670,Trevor,Granados,granados@gmail
5261,Matthieu,Mcdonald,mcdonald@morrison
4121,Juliette,Preston,preston@gmail
4620,Stanislaw,Montalvo,montalvo@mcpherson
4630,Lilia,Lollobrigida,lollobrigida@le
3440,Brigitta,Shaw,shaw@hotmail
3572,Rebeca,Frey,frey@gerard
5306,Nicolas,Palacios,palacios@meraz
5122,Susanna,Bonneau,bonneau@klingelhoefer
1368,Romina,Valentine,valentine@hotmail
5370,Erika,Toussaint,toussaint@sfr
5636,Lothar,Laurent,laurent@garcia
6033,Chelsea,Verdugo,verdugo@campbell
3599,Ria,Venier,venier@murillo
5566,Carly,Summers,summers@yahoo
1873,Pasquale,Tomasini,tomasini@hotmail
3904,Stefani,Ughi,ughi@hotmail
4453,Jose,Huang,huang@gmx
5481,Petros,Gaona,gaona@googlemail
2987,Maximilian,Siering,siering@gaito
2431,Ermenegildo,Holzapfel,holzapfel@aol
4158,Damien,Leger,leger@dixon
3753,Zeferino,Barrera,barrera@zedillo
4391,Alfred,Pohl,pohl@fechner
2026,Marissa,Gaito,gaito@reed
4547,Ariana,Houston,houston@hotmail
2798,Victor,Jacobs,jacobs@young
4732,Henriette,Lang,lang@mimun
5126,Wilfriede,Baca,baca@caraballo
5151,Lucia,Riviere,riviere@samaniego
2134,Gordon,Vigorelli,vigorelli@solano
5786,Diethard,Salgado,salgado@gmail
5515,Sue,Corrales,corrales@cardenas
4530,Arthur,Salazar,salazar@yahoo
4088,Fortunata,Schneider,schneider@tiscali
3667,Gretchen,Serna,serna@pichon
3286,Egon,Caron,caron@hotmail
4804,Roberta,Finzi,finzi@knight
5768,Editha,Savage,savage@davies
6098,Allan,Emanuelli,emanuelli@fernandes
2508,Laurence,Lucero,lucero@martin
5779,Istvan,Draghi,draghi@ifrance
1717,Luigi,Bonnet,bonnet@carriera
3368,Yuridia,Fantozzi,fantozzi@mcdonald
4265,Eraldo,Schmiedt,schmiedt@hotmail
4455,Antoinette,Cox,cox@bustamante
2940,Cameron,Ocampo,ocampo@hotmail
6144,Lynn,Lawson,lawson@leclercq
3657,Natalia,Seifert,seifert@ifrance
1537,Nuray,Anguillara,anguillara@yahoo
2116,Beate,Morgan,morgan@gmail
5102,Mario,Rees,rees@gmx
5815,Galasso,Junken,junken@yahoo
4250,Luca,Moses,moses@franke
4533,Aurelio,Gertz,gertz@hewitt
3329,Uberto,Steele,steele@outlook
3606,Annie,Hunter,hunter@allen
4749,Jo,Mccarty,mccarty@hotmail
2222,Eitel,Lombard,lombard@thomas
1939,Susan,Vigliotti,vigliotti@yahoo
2456,Jacqueline,Germano,germano@valette
2794,Fidel,Ruppert,ruppert@yahoo
2648,Margaret,Eigenwillig,eigenwillig@yahoo
2545,Yvette,Harding,harding@yahoo
3273,Federigo,Karge,karge@bohlander
6155,Guenther,Armenta,armenta@free
6064,Coriolano,Higgins,higgins@murphy
1729,Felix,Rubio,rubio@ebert
4969,Melanie,Leveque,leveque@fleury
3402,Abbie,Galeati,galeati@ubaldi
2810,Vittorio,Caccioppoli,caccioppoli@yahoo
2217,Biagio,Valenzuela,valenzuela@robinson
5140,Dario,Green,green@live
4497,Alwina,Textor,textor@poste
5100,Diether,Baeza,baeza@grupo
3390,Sole,Trevino,trevino@hotmail
1926,Darren,Bernardi,bernardi@brooks
3264,Martina,Heser,heser@morellato
2573,Bethan,Giacometti,giacometti@gmail
3628,Ethan,Duhamel,duhamel@sfr
3826,Corrado,Warren,warren@hotmail
5983,Damian,Pulido,pulido@yahoo
5678,Dino,Osborne,osborne@despacho
2093,Nicolaus,Bernetti,bernetti@aol
5333,Gianna,Carroll,carroll@perez
5139,Grit,Knight,knight@web
3173,Erin,Weinhold,weinhold@hotmail
3333,Craig,Jordan,jordan@gmail
2262,Homero,Respighi,respighi@gmail
1531,Fanny,Pertile,pertile@gmail
4881,Fridolin,Comboni,comboni@graf
3928,Hugh,Cantu,cantu@libero
1803,Alphons,Simmons,simmons@hotmail
2321,Ludovico,Cafarchia,cafarchia@gmail
6234,Nico,Kaiser,kaiser@almonte
1422,Kirsty,Lamy,lamy@alonzi
2660,Joshua,Scheibe,scheibe@turci
5361,Carin,Pineau,pineau@yahoo
3420,Ellie,Galarza,galarza@pareto
4337,Marion,Lira,lira@ifrance
2338,Aurelia,Angiolello,angiolello@lord
4140,Maura,Ravaglioli,ravaglioli@yahoo
2373,Brunhilde,Fletcher,fletcher@schomber
1344,Ottfried,Marques,marques@tyler
2141,Christelle,Blasi,blasi@morris
3415,Augusto,Vercelloni,vercelloni@club
5696,Michela,Pruvost,pruvost@holt
1798,Guarino,Escalante,escalante@hotmail
1657,Gabriela,Padilla,padilla@pearson
3651,Agathe,Dias,dias@jackson
3574,Werner,Kallert,kallert@gmail
6063,Lore,Delaunay,delaunay@yahoo
2404,Enzio,Campos,campos@tim
2705,Walther,Duarte,duarte@web
5059,Adelgunde,Trevisan,trevisan@gmail
5466,Thierry,Schwartz,schwartz@travaglio
5821,Katie,Andersen,andersen@haney
5385,Kathy,Zamorani,zamorani@hotmail
3506,Giuseppina,Tanguy,tanguy@wanadoo
5427,Jack,Klapp,klapp@hotmail
6142,Tom,Leconte,leconte@woods
2873,Bonnie,Cignaroli,cignaroli@yahoo
3916,Danny,Farrell,farrell@hotmail
1687,Fiorenzo,Bauer,bauer@gmail
1542,Randy,Alfieri,alfieri@verri
3087,Tim,Bradley,bradley@schlosser
3857,Yves,Mendez,mendez@gmail
5921,Raffaella,Esquivel,esquivel@gmail
3144,Lawrence,Vasari,vasari@castillo
2676,Sam,Adams,adams@yahoo
3646,Mirco,Nicolini,nicolini@blin
1321,Graham,Bajardi,bajardi@yahoo
1399,Luc,Quinn,quinn@walker
3169,Stella,Ullrich,ullrich@hotmail
2058,Calcedonio,Remy,remy@edwards
1300,Nanni,Almaraz,almaraz@martin
2075,Pascual,Corradi,corradi@lopez
2984,Kristi,Grant,grant@yahoo
4768,Manuel,Gracia,gracia@trussardi
3682,Gionata,Hussain,hussain@yahoo
5901,Maria,Nguyen,nguyen@hernadez
3540,Leon,Baker,baker@hotmail
2225,Gianmarco,Alcaraz,alcaraz@zacchia
1485,Derrick,Little,little@small
5343,Terry,Ramirez,ramirez@hotmail
5594,Katarina,Clarke,clarke@hotmail
2482,Leila,Washington,washington@gmail
2706,Mirko,Townsend,townsend@schmitt
4861,Randall,Connolly,connolly@jovinelli
2961,Pia,Burgess,burgess@proyectos
3043,Justine,Mancini,mancini@tiscali
6103,Reynaldo,Wagenknecht,wagenknecht@faure
4708,Toni,Magrassi,magrassi@gmail
4395,Patrizio,Cisneros,cisneros@martinez
4912,Durante,Lindner,lindner@picard
2030,Rosl,Lamborghini,lamborghini@hiller
5235,Ugo,Harrison,harrison@morley
5001,Isidor,Carpenter,carpenter@chauvin
4093,Marie,Zoppetto,zoppetto@kallert
2576,Branko,Chambers,chambers@ifrance
6122,Alan,Pineda,pineda@proyectos
2813,Carmen,Oestrovsky,oestrovsky@gmail
3737,Shane,Fernandez,fernandez@hotmail
2803,Debbie,Guilbert,guilbert@berg
5508,Vito,Dossi,dossi@hotmail
3850,Evan,Schacht,schacht@price
4220,Mandy,Weston,weston@free
4532,Paulo,Zito,zito@nelson
6013,Alberto,Girschner,girschner@laboratorios
3396,Giacomo,Bouvet,bouvet@gmail
4401,Ehrentraud,Puga,puga@laboratorios
2981,Cristian,Hale,hale@hotmail
4467,Lilija,Charles,charles@gmail
1377,Albert,Legendre,legendre@lee
5036,Marisa,Renaud,renaud@smith
5761,Sharon,Diallo,diallo@gmail
3699,Eduardo,Delattre,delattre@lynch
4519,Bernadette,Wang,wang@gmail
5395,Dina,Gibbons,gibbons@brewer
3057,Clara,Armstrong,armstrong@vodafone
2741,Elliott,Herrmann,herrmann@hotmail
1675,Graziella,Vidal,vidal@hotmail
2712,Francisca,Becerra,becerra@young
4527,Edeltrud,Boyer,boyer@outlook
1722,Julian,Noble,noble@hill
4330,Christophe,Bohnbach,bohnbach@ifrance
5219,Ippazio,Angulo,angulo@yahoo
4997,Grace,Kroker,kroker@hotmail
2239,Jared,Ferguson,ferguson@roberts
4587,Virginie,McLean,mclean@yahoo
4113,Mason,Potter,potter@gmail
4762,Aaron,Anaya,anaya@hotmail
5242,Leah,Ornelas,ornelas@gmail
5765,Harald,Roy,roy@web
2185,Micaela,Martel,martel@hotmail
5500,Vincentio,Sanders,sanders@voila
3494,Bettina,Norbiato,norbiato@allen
3924,Julio,Renner,renner@industrias
3521,Jelena,Stiffel,stiffel@trupp
5262,Guadalupe,Munoz,munoz@murray
3684,Whitney,Noack,noack@laboratorios
5784,Gelsomina,Migliaccio,migliaccio@junk
1498,Evangelista,Pereira,pereira@thompson
6073,Gareth,Comolli,comolli@tiscali
4939,Michelangelo,Hess,hess@bouygtel
